{
  "lang":"en",
  "name":"pipeline",
  "version":"0.0.0",
  "spacy_version":">=3.0.9,<3.1.0",
  "description":"",
  "author":"",
  "email":"",
  "url":"",
  "license":"",
  "spacy_git_version":"c83dfa23d",
  "vectors":{
    "width":0,
    "vectors":0,
    "keys":0,
    "name":null
  },
  "labels":{
    "textcat":[
      "coulomb",
      "celsius"
    ]
  },
  "pipeline":[
    "textcat"
  ],
  "components":[
    "textcat"
  ],
  "disabled":[

  ],
  "performance":{
    "cats_score":1.0,
    "cats_score_desc":"macro F",
    "cats_micro_p":1.0,
    "cats_micro_r":1.0,
    "cats_micro_f":1.0,
    "cats_macro_p":1.0,
    "cats_macro_r":1.0,
    "cats_macro_f":1.0,
    "cats_macro_auc":1.0,
    "cats_f_per_type":{
      "coulomb":{
        "p":1.0,
        "r":1.0,
        "f":1.0
      },
      "celsius":{
        "p":1.0,
        "r":1.0,
        "f":1.0
      }
    },
    "cats_macro_auc_per_type":0.0,
    "textcat_loss":1.8013670325
  }
}