{
  "lang":"en",
  "name":"pipeline",
  "version":"0.0.0",
  "spacy_version":">=3.0.9,<3.1.0",
  "description":"",
  "author":"",
  "email":"",
  "url":"",
  "license":"",
  "spacy_git_version":"c83dfa23d",
  "vectors":{
    "width":0,
    "vectors":0,
    "keys":0,
    "name":null
  },
  "labels":{
    "textcat":[
      "kibibyte",
      "kilobyte"
    ]
  },
  "pipeline":[
    "textcat"
  ],
  "components":[
    "textcat"
  ],
  "disabled":[

  ],
  "performance":{
    "cats_score":0.9467455621,
    "cats_score_desc":"macro F",
    "cats_micro_p":0.9572649573,
    "cats_micro_r":0.9572649573,
    "cats_micro_f":0.9572649573,
    "cats_macro_p":0.9426406926,
    "cats_macro_r":0.9511029412,
    "cats_macro_f":0.9467455621,
    "cats_macro_auc":0.9952205882,
    "cats_f_per_type":{
      "kibibyte":{
        "p":0.9761904762,
        "r":0.9647058824,
        "f":0.9704142012
      },
      "kilobyte":{
        "p":0.9090909091,
        "r":0.9375,
        "f":0.9230769231
      }
    },
    "cats_macro_auc_per_type":0.0,
    "textcat_loss":15.3985482309
  }
}